model,n_samples,EM,BLEU,ROUGE-1,ROUGE-2,ROUGE-L
baseline,380,0.0,0.04563384353966381,0.1894532996452466,0.0899868104928224,0.17697743727673643
finetuned,380,0.02631578947368421,0.1418023100229873,0.464776144228005,0.2586021468601096,0.45221544962383187
